date,zone,latitude,longitude,temperature_moy,temperature_max,temperature_min,precipitation,humidity,radiation_solaire
202001,Abidjan,5.36,-4.01,27.06,33.44,17.79,0.3,74.35,17.89
202002,Abidjan,5.36,-4.01,28.87,35.69,23.03,0.79,72.98,16.68
202003,Abidjan,5.36,-4.01,27.79,33.32,24.05,4.93,82.83,18.18
202004,Abidjan,5.36,-4.01,27.4,34.21,24.28,4.16,85.36,19.43
202005,Abidjan,5.36,-4.01,27.18,31.92,24.03,6.72,86.2,18.17
202006,Abidjan,5.36,-4.01,25.82,30.47,22.91,10.77,88.01,13.6
202007,Abidjan,5.36,-4.01,24.52,28.48,21.41,3.04,88.64,15.48
202008,Abidjan,5.36,-4.01,24.24,29.33,19.09,0.55,84.48,16.59
202009,Abidjan,5.36,-4.01,25.36,30.15,21.9,4.36,85.1,15.28
202010,Abidjan,5.36,-4.01,25.97,30.31,23.18,9.84,86.66,16.34
202011,Abidjan,5.36,-4.01,26.44,30.66,22.94,4.62,85.92,16.8
202012,Abidjan,5.36,-4.01,26.45,30.28,23.56,2.86,85.98,17.17
202013,Abidjan,5.36,-4.01,26.41,35.69,17.79,4.41,83.91,16.81
202101,Abidjan,5.36,-4.01,26.46,30.58,23.02,3.72,86.06,16.83
202102,Abidjan,5.36,-4.01,26.9,31.53,23.69,4.0,85.29,17.6
202103,Abidjan,5.36,-4.01,26.57,31.6,23.45,4.57,86.77,17.67
202104,Abidjan,5.36,-4.01,26.9,30.89,23.97,4.96,87.54,18.7
202105,Abidjan,5.36,-4.01,26.71,30.78,23.77,4.7,87.87,18.28
202106,Abidjan,5.36,-4.01,26.0,30.4,22.45,6.97,87.39,15.9
202107,Abidjan,5.36,-4.01,24.91,28.45,21.4,5.49,87.49,15.6
202108,Abidjan,5.36,-4.01,24.8,28.87,21.56,3.73,88.06,15.73
202109,Abidjan,5.36,-4.01,25.29,29.56,22.75,6.88,89.58,16.82
202110,Abidjan,5.36,-4.01,26.09,29.88,23.42,6.69,88.59,17.62
202111,Abidjan,5.36,-4.01,26.42,30.5,23.86,4.92,86.87,18.43
202112,Abidjan,5.36,-4.01,27.17,31.15,22.83,2.05,82.05,16.92
202113,Abidjan,5.36,-4.01,26.18,31.6,21.4,4.89,86.97,17.17
202001,Bouaké,7.69,-5.03,25.37,35.6,14.15,0.04,51.58,18.38
202002,Bouaké,7.69,-5.03,27.95,38.76,16.08,0.72,42.17,19.03
202003,Bouaké,7.69,-5.03,28.21,36.74,21.54,4.05,72.34,19.45
202004,Bouaké,7.69,-5.03,27.49,35.36,21.84,3.86,78.53,19.47
202005,Bouaké,7.69,-5.03,27.01,34.62,22.53,5.93,83.2,19.18
202006,Bouaké,7.69,-5.03,25.65,31.33,21.53,7.92,86.95,16.22
202007,Bouaké,7.69,-5.03,24.72,30.03,20.44,4.65,86.83,13.87
202008,Bouaké,7.69,-5.03,24.59,31.2,17.38,3.23,83.65,15.23
202009,Bouaké,7.69,-5.03,25.22,30.62,20.5,5.87,85.35,14.86
202010,Bouaké,7.69,-5.03,25.44,31.09,20.43,5.89,85.41,17.61
202011,Bouaké,7.69,-5.03,26.26,32.59,19.02,0.75,76.25,17.28
202012,Bouaké,7.69,-5.03,26.87,34.65,16.36,2.49,67.48,15.99
202013,Bouaké,7.69,-5.03,26.22,38.76,14.15,3.79,75.08,17.21
202101,Bouaké,7.69,-5.03,27.58,36.37,17.15,1.07,57.25,17.58
202102,Bouaké,7.69,-5.03,28.83,38.41,17.6,1.97,57.65,17.88
202103,Bouaké,7.69,-5.03,28.33,38.32,22.3,2.56,69.38,19.09
202104,Bouaké,7.69,-5.03,27.71,37.17,22.51,5.04,76.12,19.76
202105,Bouaké,7.69,-5.03,27.64,35.26,22.45,3.5,76.91,18.66
202106,Bouaké,7.69,-5.03,26.03,33.08,21.28,9.49,83.65,17.34
202107,Bouaké,7.69,-5.03,24.77,29.78,20.89,6.24,87.18,14.12
202108,Bouaké,7.69,-5.03,24.77,30.23,20.61,7.59,87.28,14.95
202109,Bouaké,7.69,-5.03,25.24,30.48,20.9,11.32,86.42,16.04
202110,Bouaké,7.69,-5.03,25.75,31.06,21.43,5.33,86.39,17.87
202111,Bouaké,7.69,-5.03,25.79,31.44,21.08,2.94,85.13,18.11
202112,Bouaké,7.69,-5.03,25.25,31.78,17.21,0.15,73.62,16.47
202113,Bouaké,7.69,-5.03,26.46,38.41,17.15,4.76,77.35,17.31
202001,Daloa,6.87,-6.45,24.64,34.14,14.55,0.11,58.05,18.15
202002,Daloa,6.87,-6.45,26.67,37.04,15.05,0.8,55.6,18.12
202003,Daloa,6.87,-6.45,26.88,35.71,21.42,7.18,81.58,19.01
202004,Daloa,6.87,-6.45,26.34,32.59,20.89,5.08,85.78,18.72
202005,Daloa,6.87,-6.45,26.33,32.31,22.19,6.12,87.22,18.62
202006,Daloa,6.87,-6.45,25.16,30.14,20.86,7.47,89.59,15.23
202007,Daloa,6.87,-6.45,24.39,30.26,20.13,3.61,87.44,13.86
202008,Daloa,6.87,-6.45,24.02,30.76,17.52,3.46,85.38,15.08
202009,Daloa,6.87,-6.45,24.67,29.76,20.55,8.36,88.86,15.7
202010,Daloa,6.87,-6.45,25.03,29.79,21.14,9.51,88.77,16.03
202011,Daloa,6.87,-6.45,25.29,30.61,19.19,1.79,83.91,16.17
202012,Daloa,6.87,-6.45,25.56,31.89,15.82,1.88,76.86,15.88
202013,Daloa,6.87,-6.45,25.41,37.04,14.55,4.62,80.82,16.71
202101,Daloa,6.87,-6.45,25.92,33.52,15.16,0.73,68.69,16.92
202102,Daloa,6.87,-6.45,26.96,35.83,18.12,3.16,71.94,16.84
202103,Daloa,6.87,-6.45,26.42,34.65,21.31,4.93,81.33,18.12
202104,Daloa,6.87,-6.45,26.47,33.29,21.67,5.93,85.01,18.8
202105,Daloa,6.87,-6.45,26.57,32.92,22.25,2.97,84.15,17.97
202106,Daloa,6.87,-6.45,25.31,31.42,20.87,8.7,88.26,17.18
202107,Daloa,6.87,-6.45,24.47,30.0,20.55,4.48,87.56,14.34
202108,Daloa,6.87,-6.45,24.55,30.16,20.39,8.21,87.8,15.87
202109,Daloa,6.87,-6.45,24.84,29.73,20.29,6.12,89.21,16.44
202110,Daloa,6.87,-6.45,25.46,30.56,21.18,5.21,88.32,17.55
202111,Daloa,6.87,-6.45,25.46,31.16,20.88,3.05,86.52,17.97
202112,Daloa,6.87,-6.45,25.61,32.35,17.67,0.3,73.77,16.08
202113,Daloa,6.87,-6.45,25.66,35.83,15.16,4.48,82.75,17.0
202001,Yamoussoukro,6.82,-5.28,26.63,36.96,14.8,0.04,50.93,18.04
202002,Yamoussoukro,6.82,-5.28,29.19,39.41,17.41,0.48,44.87,17.8
202003,Yamoussoukro,6.82,-5.28,28.48,38.02,22.66,4.71,73.29,18.64
202004,Yamoussoukro,6.82,-5.28,27.74,35.04,22.89,3.47,78.79,19.0
202005,Yamoussoukro,6.82,-5.28,27.23,35.11,22.67,5.44,82.78,18.76
202006,Yamoussoukro,6.82,-5.28,25.79,31.75,21.47,7.49,86.65,15.31
202007,Yamoussoukro,6.82,-5.28,24.88,30.59,20.13,3.75,86.02,14.24
202008,Yamoussoukro,6.82,-5.28,25.33,33.63,17.46,1.94,78.38,15.32
202009,Yamoussoukro,6.82,-5.28,25.88,31.87,21.08,5.13,82.38,15.18
202010,Yamoussoukro,6.82,-5.28,25.61,30.9,20.88,6.47,85.93,16.09
202011,Yamoussoukro,6.82,-5.28,26.32,32.75,20.47,1.64,79.67,15.86
202012,Yamoussoukro,6.82,-5.28,27.48,35.66,18.28,1.37,69.01,15.7
202013,Yamoussoukro,6.82,-5.28,26.7,39.41,14.8,3.5,74.98,16.66
202101,Yamoussoukro,6.82,-5.28,28.31,37.32,19.15,0.89,61.72,16.86
202102,Yamoussoukro,6.82,-5.28,29.18,38.28,18.37,1.88,61.18,16.87
202103,Yamoussoukro,6.82,-5.28,28.22,38.12,22.56,2.99,71.7,18.16
202104,Yamoussoukro,6.82,-5.28,27.64,36.63,22.69,4.7,77.9,18.59
202105,Yamoussoukro,6.82,-5.28,27.82,36.07,22.65,2.93,76.96,17.37
202106,Yamoussoukro,6.82,-5.28,26.24,33.48,21.43,7.52,82.95,16.91
202107,Yamoussoukro,6.82,-5.28,24.88,30.5,20.51,4.57,86.42,14.86
202108,Yamoussoukro,6.82,-5.28,25.32,31.61,20.67,5.65,84.11,15.19
202109,Yamoussoukro,6.82,-5.28,25.47,30.68,21.13,7.91,86.19,15.71
202110,Yamoussoukro,6.82,-5.28,25.9,30.93,21.49,4.83,86.62,16.75
202111,Yamoussoukro,6.82,-5.28,25.96,31.62,21.54,3.16,85.51,18.0
202112,Yamoussoukro,6.82,-5.28,26.33,33.97,18.48,0.41,72.05,15.92
202113,Yamoussoukro,6.82,-5.28,26.76,38.28,18.37,3.95,77.85,16.76
202001,Man,7.41,-7.55,22.0,31.21,12.3,0.01,66.06,18.89
202002,Man,7.41,-7.55,24.49,34.7,13.85,0.64,59.0,19.4
202003,Man,7.41,-7.55,26.02,34.21,20.46,5.01,78.58,18.69
202004,Man,7.41,-7.55,25.65,34.15,19.8,3.58,81.72,19.11
202005,Man,7.41,-7.55,25.33,32.36,21.24,7.27,86.04,18.77
202006,Man,7.41,-7.55,24.0,29.58,20.05,10.04,89.66,17.04
202007,Man,7.41,-7.55,23.15,29.1,19.24,9.57,89.82,14.1
202008,Man,7.41,-7.55,22.64,28.78,17.27,11.17,90.45,15.23
202009,Man,7.41,-7.55,23.52,28.7,19.89,18.12,90.6,17.05
202010,Man,7.41,-7.55,23.85,28.63,19.61,9.77,88.03,18.93
202011,Man,7.41,-7.55,23.8,28.68,16.16,0.63,82.43,18.51
202012,Man,7.41,-7.55,23.56,29.71,14.34,1.35,79.23,17.2
202013,Man,7.41,-7.55,24.0,34.7,12.3,6.44,81.88,17.73
202101,Man,7.41,-7.55,23.58,31.94,13.45,0.47,69.96,18.59
202102,Man,7.41,-7.55,25.22,34.49,17.98,3.15,70.77,17.73
202103,Man,7.41,-7.55,25.49,34.05,20.07,4.04,79.78,18.43
202104,Man,7.41,-7.55,25.34,32.27,20.12,8.72,85.11,19.62
202105,Man,7.41,-7.55,24.93,30.56,21.29,3.97,88.41,18.57
202106,Man,7.41,-7.55,24.1,29.74,19.99,8.61,89.41,17.49
202107,Man,7.41,-7.55,23.33,28.34,19.08,8.43,90.18,14.23
202108,Man,7.41,-7.55,23.2,28.64,18.68,14.07,90.09,16.06
202109,Man,7.41,-7.55,23.71,28.81,19.47,11.79,89.78,17.35
202110,Man,7.41,-7.55,24.18,29.41,20.13,8.9,89.09,18.9
202111,Man,7.41,-7.55,24.33,29.53,19.93,3.31,85.84,18.79
202112,Man,7.41,-7.55,23.6,29.63,14.61,0.22,77.92,17.39
202113,Man,7.41,-7.55,24.24,34.49,13.45,6.31,83.93,17.76
202001,Korhogo,9.45,-5.63,23.27,35.71,11.37,0.0,46.23,19.53
202002,Korhogo,9.45,-5.63,26.01,39.01,13.13,0.03,31.16,21.26
202003,Korhogo,9.45,-5.63,29.55,39.75,18.8,1.09,51.67,20.5
202004,Korhogo,9.45,-5.63,28.93,40.54,22.38,2.53,64.51,20.6
202005,Korhogo,9.45,-5.63,28.56,37.37,22.48,2.96,68.97,20.9
202006,Korhogo,9.45,-5.63,27.35,35.31,21.37,3.47,72.35,19.31
202007,Korhogo,9.45,-5.63,25.14,33.15,19.89,7.1,82.45,16.34
202008,Korhogo,9.45,-5.63,24.46,30.84,18.64,7.06,85.83,15.52
202009,Korhogo,9.45,-5.63,24.77,31.04,20.6,6.52,85.69,16.93
202010,Korhogo,9.45,-5.63,25.33,32.0,18.64,6.22,79.57,20.02
202011,Korhogo,9.45,-5.63,25.08,33.47,15.53,0.02,64.42,20.78
202012,Korhogo,9.45,-5.63,26.39,35.43,14.35,0.28,52.07,18.87
202013,Korhogo,9.45,-5.63,26.23,40.54,11.37,3.12,65.53,19.2
202101,Korhogo,9.45,-5.63,26.27,37.1,14.74,0.02,36.42,20.76
202102,Korhogo,9.45,-5.63,28.02,39.3,15.72,0.61,34.62,19.96
202103,Korhogo,9.45,-5.63,29.16,39.24,21.07,2.33,53.83,19.86
202104,Korhogo,9.45,-5.63,29.47,39.79,22.16,2.36,61.54,21.44
202105,Korhogo,9.45,-5.63,28.82,38.46,22.29,3.15,67.01,20.79
202106,Korhogo,9.45,-5.63,27.21,37.32,21.37,3.74,73.02,19.1
202107,Korhogo,9.45,-5.63,25.68,32.45,20.41,6.07,79.81,15.69
202108,Korhogo,9.45,-5.63,24.53,30.08,20.41,11.8,86.28,15.22
202109,Korhogo,9.45,-5.63,25.05,30.92,20.25,4.42,83.94,19.11
202110,Korhogo,9.45,-5.63,25.96,31.96,20.54,3.58,81.24,19.82
202111,Korhogo,9.45,-5.63,26.14,34.26,18.24,0.78,70.1,19.98
202112,Korhogo,9.45,-5.63,25.53,35.49,14.62,0.01,49.97,19.06
202113,Korhogo,9.45,-5.63,26.81,39.79,14.62,3.27,64.98,19.22
202001,Gagnoa,6.13,-5.95,25.42,34.05,16.07,0.26,69.97,18.04
202002,Gagnoa,6.13,-5.95,26.61,35.22,17.21,1.63,71.28,17.8
202003,Gagnoa,6.13,-5.95,26.38,33.52,22.13,6.87,86.03,18.64
202004,Gagnoa,6.13,-5.95,26.18,32.11,22.16,6.07,88.26,19.0
202005,Gagnoa,6.13,-5.95,26.02,31.14,22.38,6.59,89.32,18.76
202006,Gagnoa,6.13,-5.95,24.91,30.01,20.71,11.12,90.29,15.31
202007,Gagnoa,6.13,-5.95,24.01,29.71,19.78,2.96,88.4,14.24
202008,Gagnoa,6.13,-5.95,23.64,29.75,17.07,2.29,86.08,15.32
202009,Gagnoa,6.13,-5.95,24.64,29.84,20.1,7.43,89.06,15.18
202010,Gagnoa,6.13,-5.95,25.03,29.71,21.54,8.84,90.02,16.09
202011,Gagnoa,6.13,-5.95,25.34,30.08,21.55,3.58,88.21,15.86
202012,Gagnoa,6.13,-5.95,25.59,31.18,18.86,2.55,84.06,15.7
202013,Gagnoa,6.13,-5.95,25.31,35.22,16.07,5.01,85.11,16.66
202101,Gagnoa,6.13,-5.95,25.76,32.38,17.21,1.61,81.19,16.86
202102,Gagnoa,6.13,-5.95,26.25,32.92,19.82,4.08,81.72,16.87
202103,Gagnoa,6.13,-5.95,25.68,33.0,20.83,6.43,86.31,18.16
202104,Gagnoa,6.13,-5.95,25.96,31.86,21.67,5.6,88.35,18.59
202105,Gagnoa,6.13,-5.95,25.89,31.55,22.01,3.43,88.49,17.37
202106,Gagnoa,6.13,-5.95,25.03,30.43,20.94,8.02,90.01,16.91
202107,Gagnoa,6.13,-5.95,24.08,29.24,19.75,5.32,88.89,14.86
202108,Gagnoa,6.13,-5.95,24.28,29.88,19.92,7.83,88.77,15.19
202109,Gagnoa,6.13,-5.95,24.88,29.95,21.01,7.37,89.61,15.71
202110,Gagnoa,6.13,-5.95,25.33,30.22,21.17,4.66,89.51,16.75
202111,Gagnoa,6.13,-5.95,25.35,30.67,20.6,3.88,88.78,18.0
202112,Gagnoa,6.13,-5.95,25.93,31.51,19.64,1.04,82.23,15.92
202113,Gagnoa,6.13,-5.95,25.36,33.0,17.21,4.93,87.01,16.76
202001,San-Pédro,4.75,-6.64,26.12,31.12,18.42,0.65,79.96,17.1
202002,San-Pédro,4.75,-6.64,26.72,31.54,21.28,2.65,83.61,16.73
202003,San-Pédro,4.75,-6.64,26.54,31.26,22.98,10.03,88.78,17.67
202004,San-Pédro,4.75,-6.64,26.59,31.73,23.18,4.83,88.64,18.67
202005,San-Pédro,4.75,-6.64,26.43,30.76,23.22,6.86,88.85,17.68
202006,San-Pédro,4.75,-6.64,25.19,29.79,21.78,13.98,89.18,13.88
202007,San-Pédro,4.75,-6.64,24.07,28.87,20.42,3.18,88.54,17.42
202008,San-Pédro,4.75,-6.64,23.58,28.67,18.3,1.87,86.83,18.89
202009,San-Pédro,4.75,-6.64,24.55,29.28,21.19,13.63,89.46,17.38
202010,San-Pédro,4.75,-6.64,25.3,29.46,22.52,12.3,89.65,17.81
202011,San-Pédro,4.75,-6.64,25.78,29.67,23.08,5.86,88.05,17.06
202012,San-Pédro,4.75,-6.64,25.93,30.2,22.49,2.45,87.02,17.8
202013,San-Pédro,4.75,-6.64,25.56,31.73,18.3,6.51,87.39,17.35
202101,San-Pédro,4.75,-6.64,25.96,30.44,20.31,2.1,86.51,17.08
202102,San-Pédro,4.75,-6.64,26.16,30.48,22.33,3.71,87.1,17.6
202103,San-Pédro,4.75,-6.64,25.67,30.73,21.9,4.21,88.51,17.98
202104,San-Pédro,4.75,-6.64,26.28,30.39,22.77,6.03,88.76,19.12
202105,San-Pédro,4.75,-6.64,26.25,30.42,23.29,2.81,88.55,18.08
202106,San-Pédro,4.75,-6.64,25.56,30.01,22.34,14.54,88.9,15.49
202107,San-Pédro,4.75,-6.64,24.35,28.12,20.4,6.48,88.48,16.23
202108,San-Pédro,4.75,-6.64,24.26,28.83,20.06,6.93,88.85,18.96
202109,San-Pédro,4.75,-6.64,25.03,30.3,21.83,10.31,90.03,17.76
202110,San-Pédro,4.75,-6.64,25.54,29.32,22.41,8.44,89.59,18.03
202111,San-Pédro,4.75,-6.64,25.8,30.1,22.69,5.06,87.93,18.32
202112,San-Pédro,4.75,-6.64,26.44,30.11,23.36,1.72,85.59,16.94
202113,San-Pédro,4.75,-6.64,25.6,30.73,20.06,6.01,88.24,17.63
